,Unnamed: 0,空调光期温度设定,空调暗期温度设定,空调温度上限设定,空调温度下限设定,新风机手动开度,新风机手自动模式,空调自动模式,户外温度,户外湿度,1号室内温度,1号室内湿度,1号室内CO2浓度,2号室内温度,2号室内湿度,2号室内CO2浓度,1号PPFD,1号色温,1号PAR,1号红比,1号绿比,1号蓝比,2号PPFD,2号色温,2号PAR,2号红比,2号绿比,2号蓝比,3号PPFD,3号色温,3号PAR,3号红比,3号绿比,3号蓝比,1号风速,2号风速,营养液EC,营养液PH,营养液液温,空调手动开关机,空调开机指令下发,空调手动模式选择,空调风速选择,空调手动温度设定,空调手动操作指令下发,空调手自动切换,电磁阀手自动选择,电磁阀手动开阀,电磁阀手动关阀,time,平均温度,平均湿度,灯具负荷,自然负荷,新风负荷,总热渗入量
0,0,22.0,18.0,18.0,17.0,100.0,False,False,17.92534637451172,75.45211029052734,19.89999961853028,70.69999694824219,492.0,19.600000381469727,71.30000305175781,496.0,0.0041150087490677,7259.640625,0.00093637581449,11.609872817993164,81.61724853515625,6.772879123687744,0.0152219152078032,0.0,0.0,0.0,0.0,0.0,0.0107059022411704,0.0,0.0,0.0,0.0,0.0,0.0,0.0,1.5199999809265137,6.320000171661377,22.200000762939453,False,True,4,4,20.0,True,False,False,False,False,2023-04-07 15:37:23.109320,19.750000000000004,71.0,0.0,-1.301064706020358,-0.11827860963821434,-1.4193433156585722
